assembly	chromosome
arabis_alpina	1
arabis_alpina	2
arabis_alpina	3
arabis_alpina	4
arabis_alpina	5
arabis_alpina	6
arabis_alpina	7
arabis_alpina	8
arabis_alpina	KL967350
arabis_alpina	KL967362
arabis_alpina	KL967368
arabis_alpina	KL967372
arabis_alpina	KL967373
arabis_alpina	KL967402
arabis_alpina	KL967407
arabis_alpina	KL967461
arabis_alpina	KL967485
arabis_alpina	KL967489
arabis_alpina	KL967496
arabis_alpina	KL967508
arabis_alpina	KL967536
arabis_alpina	KL967546
arabis_alpina	KL967568
arabis_alpina	KL967588
arabis_alpina	KL967593
arabis_alpina	KL967626
arabis_alpina	KL967642
arabis_alpina	KL967643
arabis_alpina	KL967644
arabis_alpina	KL967662
arabis_alpina	KL967692
arabis_alpina	KL967694
arabis_alpina	KL967700
arabis_alpina	KL967704
arabis_alpina	KL967728
arabis_alpina	KL967741
arabis_alpina	KL967759
arabis_alpina	KL967772
arabis_alpina	KL967808
arabis_alpina	KL967821
arabis_alpina	KL967829
arabis_alpina	KL967839
arabis_alpina	KL967874
arabis_alpina	KL967895
arabis_alpina	KL967920
arabis_alpina	KL967935
arabis_alpina	KL967971
arabis_alpina	KL967994
arabis_alpina	KL968031
arabis_alpina	KL968038
arabis_alpina	KL968133
arabis_alpina	KL968134
arabis_alpina	KL968138
arabis_alpina	KL968190
arabis_alpina	KL968231
arabis_alpina	KL968254
arabis_alpina	KL968274
arabis_alpina	KL968277
arabis_alpina	KL968293
arabis_alpina	KL968319
arabis_alpina	KL968323
arabis_alpina	KL968325
arabis_alpina	KL968331
arabis_alpina	KL968335
arabis_alpina	KL968341
arabis_alpina	KL968349
arabis_alpina	KL968368
arabis_alpina	KL968371
arabis_alpina	KL968373
arabis_alpina	KL968378
arabis_alpina	KL968393
arabis_alpina	KL968399
arabis_alpina	KL968413
arabis_alpina	KL968415
arabis_alpina	KL968427
arabis_alpina	KL968429
arabis_alpina	KL968434
arabis_alpina	KL968435
arabis_alpina	KL968438
arabis_alpina	KL968461
arabis_alpina	KL968466
arabis_alpina	KL968467
arabis_alpina	KL968472
arabis_alpina	KL968477
arabis_alpina	KL968479
arabis_alpina	KL968485
arabis_alpina	KL968516
arabis_alpina	KL968517
arabis_alpina	KL968522
arabis_alpina	KL968539
arabis_alpina	KL968553
arabis_alpina	KL968574
arabis_alpina	KL968603
arabis_alpina	KL968616
arabis_alpina	KL968620
arabis_alpina	KL968665
arabis_alpina	KL968678
arabis_alpina	KL968693
arabis_alpina	KL968713
arabis_alpina	KL968714
arabis_alpina	KL968728
arabis_alpina	KL968758
arabis_alpina	KL968798
arabis_alpina	KL968811
arabis_alpina	KL968830
arabis_alpina	KL968856
arabis_alpina	KL968862
arabis_alpina	KL968897
arabis_alpina	KL968906
arabis_alpina	KL968925
arabis_alpina	KL968930
arabis_alpina	KL968935
arabis_alpina	KL968984
arabis_alpina	KL968992
arabis_alpina	KL968993
arabis_alpina	KL969001
arabis_alpina	KL969003
arabis_alpina	KL969011
arabis_alpina	KL969039
arabis_alpina	KL969053
arabis_alpina	KL969058
arabis_alpina	KL969076
arabis_alpina	KL969084
arabis_alpina	KL969136
arabis_alpina	KL969138
arabis_alpina	KL969143
arabis_alpina	KL969150
arabis_alpina	KL969157
arabis_alpina	KL969158
arabis_alpina	KL969173
arabis_alpina	KL969185
arabis_alpina	KL969198
arabis_alpina	KL969211
arabis_alpina	KL969224
arabis_alpina	KL969247
arabis_alpina	KL969251
arabis_alpina	KL969261
arabis_alpina	KL969271
arabis_alpina	KL969273
arabis_alpina	KL969286
arabis_alpina	KL969287
arabis_alpina	KL969302
arabis_alpina	KL969310
arabis_alpina	KL969313
arabis_alpina	KL969315
arabis_alpina	KL969344
arabis_alpina	KL969400
arabis_alpina	KL969415
arabis_alpina	KL969452
arabis_alpina	KL969461
arabis_alpina	KL969471
arabis_alpina	KL969486
arabis_alpina	KL969518
arabis_alpina	KL969523
arabis_alpina	KL969553
arabis_alpina	KL969568
arabis_alpina	KL969570
arabis_alpina	KL969585
arabis_alpina	KL969596
arabis_alpina	KL969597
arabis_alpina	KL969620
arabis_alpina	KL969625
arabis_alpina	KL969655
arabis_alpina	KL969693
arabis_alpina	KL969697
arabis_alpina	KL969710
arabis_alpina	KL969712
arabis_alpina	KL969791
arabis_alpina	KL969807
arabis_alpina	KL969838
arabis_alpina	KL969844
arabis_alpina	KL969849
arabis_alpina	KL969859
arabis_alpina	KL969876
arabis_alpina	KL969879
arabis_alpina	KL969893
arabis_alpina	KL969896
arabis_alpina	KL969932
arabis_alpina	KL969950
arabis_alpina	KL969962
arabis_alpina	KL969975
arabis_alpina	KL969982
arabis_alpina	KL969983
arabis_alpina	KL969984
arabis_alpina	KL970000
arabis_alpina	KL970030
arabis_alpina	KL970035
arabis_alpina	KL970058
arabis_alpina	KL970076
arabis_alpina	KL970085
arabis_alpina	KL970087
arabis_alpina	KL970088
arabis_alpina	KL970120
arabis_alpina	KL970125
arabis_alpina	KL970144
arabis_alpina	KL970185
arabis_alpina	KL970210
arabis_alpina	KL970220
arabis_alpina	KL970230
arabis_alpina	KL970239
arabis_alpina	KL970257
arabis_alpina	KL970266
arabis_alpina	KL970336
arabis_alpina	KL970353
arabis_alpina	KL970361
arabis_alpina	KL970384
arabis_alpina	KL970408
arabis_alpina	KL970415
arabis_alpina	KL970426
arabis_alpina	KL970432
arabis_alpina	KL970443
arabis_alpina	KL970444
arabis_alpina	KL970464
arabis_alpina	KL970489
arabis_alpina	KL970493
arabis_alpina	KL970502
arabis_alpina	KL970510
arabis_alpina	KL970567
arabis_alpina	KL970568
arabis_alpina	KL970585
arabis_alpina	KL970588
arabis_alpina	KL970621
arabis_alpina	KL970651
arabis_alpina	KL970673
arabis_alpina	KL970707
arabis_alpina	KL970740
arabis_alpina	KL970754
arabis_alpina	KL970755
arabis_alpina	KL970780
arabis_alpina	KL970793
arabis_alpina	KL970808
arabis_alpina	KL970811
arabis_alpina	KL970815
arabis_alpina	KL970830
arabis_alpina	KL970859
arabis_alpina	KL970870
arabis_alpina	KL970879
arabis_alpina	KL970884
arabis_alpina	KL970895
arabis_alpina	KL970949
arabis_alpina	KL970973
arabis_alpina	KL971011
arabis_alpina	KL971012
arabis_alpina	KL971017
arabis_alpina	KL971021
arabis_alpina	KL971023
arabis_alpina	KL971031
arabis_alpina	KL971036
arabis_alpina	KL971049
arabis_alpina	KL971050
arabis_alpina	KL971052
arabis_alpina	KL971056
arabis_alpina	KL971067
arabis_alpina	KL971088
arabis_alpina	KL971112
arabis_alpina	KL971121
arabis_alpina	KL971124
arabis_alpina	KL971145
arabis_alpina	KL971161
arabis_alpina	KL971169
arabis_alpina	KL971175
arabis_alpina	KL971222
arabis_alpina	KL971239
arabis_alpina	KL971270
arabis_alpina	KL971271
arabis_alpina	KL971274
arabis_alpina	KL971275
arabis_alpina	KL971296
arabis_alpina	KL971301
arabis_alpina	KL971304
arabis_alpina	KL971316
arabis_alpina	KL971317
arabis_alpina	KL971338
arabis_alpina	KL971352
arabis_alpina	KL971358
arabis_alpina	KL971379
arabis_alpina	KL971411
arabis_alpina	KL971434
arabis_alpina	KL971436
arabis_alpina	KL971477
arabis_alpina	KL971485
arabis_alpina	KL971487
arabis_alpina	KL971541
arabis_alpina	KL971556
arabis_alpina	KL971575
arabis_alpina	KL971613
arabis_alpina	KL971624
arabis_alpina	KL971651
arabis_alpina	KL971706
arabis_alpina	KL971710
arabis_alpina	KL971719
arabis_alpina	KL971721
arabis_alpina	KL971724
arabis_alpina	KL971726
arabis_alpina	KL971768
arabis_alpina	KL971797
arabis_alpina	KL971828
arabis_alpina	KL971838
arabis_alpina	KL971843
arabis_alpina	KL971854
arabis_alpina	KL971863
arabis_alpina	KL971941
arabis_alpina	KL971944
arabis_alpina	KL971958
arabis_alpina	KL971963
arabis_alpina	KL971977
arabis_alpina	KL971985
arabis_alpina	KL971989
arabis_alpina	KL972015
arabis_alpina	KL972018
arabis_alpina	KL972021
arabis_alpina	KL972030
arabis_alpina	KL972039
arabis_alpina	KL972057
arabis_alpina	KL972082
arabis_alpina	KL972085
arabis_alpina	KL972095
arabis_alpina	KL972122
arabis_alpina	KL972126
arabis_alpina	KL972157
arabis_alpina	KL972164
arabis_alpina	KL972167
arabis_alpina	KL972171
arabis_alpina	KL972177
arabis_alpina	KL972206
arabis_alpina	KL972267
arabis_alpina	KL972291
arabis_alpina	KL972295
arabis_alpina	KL972326
arabis_alpina	KL972338
arabis_alpina	KL972345
arabis_alpina	KL972350
arabis_alpina	KL972357
arabis_alpina	KL972359
arabis_alpina	KL972397
arabis_alpina	KL972422
arabis_alpina	KL972427
arabis_alpina	KL972470
arabis_alpina	KL972491
arabis_alpina	KL972515
arabis_alpina	KL972529
arabis_alpina	KL972552
arabis_alpina	KL972572
arabis_alpina	KL972623
arabis_alpina	KL972677
arabis_alpina	KL972681
arabis_alpina	KL972687
arabis_alpina	KL972716
arabis_alpina	KL972747
arabis_alpina	KL972758
arabis_alpina	KL972760
arabis_alpina	KL972767
arabis_alpina	KL972770
arabis_alpina	KL972796
arabis_alpina	KL972797
arabis_alpina	KL972798
arabis_alpina	KL972834
arabis_alpina	KL972835
arabis_alpina	KL972850
arabis_alpina	KL972859
arabis_alpina	KL972874
arabis_alpina	KL972877
arabis_alpina	KL972878
arabis_alpina	KL972888
arabis_alpina	KL972889
arabis_alpina	KL972898
arabis_alpina	KL972910
arabis_alpina	KL972916
arabis_alpina	KL972944
arabis_alpina	KL972962
arabis_alpina	KL972963
arabis_alpina	KL972964
arabis_alpina	KL972968
arabis_alpina	KL972980
arabis_alpina	KL973011
arabis_alpina	KL973058
arabis_alpina	KL973068
arabis_alpina	KL973085
arabis_alpina	KL973087
arabis_alpina	KL973102
arabis_alpina	KL973135
arabis_alpina	KL973150
arabis_alpina	KL973164
arabis_alpina	KL973218
arabis_alpina	KL973220
arabis_alpina	KL973245
arabis_alpina	KL973270
arabis_alpina	KL973285
arabis_alpina	KL973308
arabis_alpina	KL973334
arabis_alpina	KL973369
arabis_alpina	KL973374
arabis_alpina	KL973378
arabis_alpina	KL973379
arabis_alpina	KL973397
arabis_alpina	KL973398
arabis_alpina	KL973407
arabis_alpina	KL973426
arabis_alpina	KL973449
arabis_alpina	KL973451
arabis_alpina	KL973489
arabis_alpina	KL973514
arabis_alpina	KL973519
arabis_alpina	KL973520
arabis_alpina	KL973523
arabis_alpina	KL973541
arabis_alpina	KL973547
arabis_alpina	KL973579
arabis_alpina	KL973590
arabis_alpina	KL973592
arabis_alpina	KL973598
arabis_alpina	KL973606
arabis_alpina	KL973625
arabis_alpina	KL973637
arabis_alpina	KL973638
arabis_alpina	KL973640
arabis_alpina	KL973641
arabis_alpina	KL973656
arabis_alpina	KL973661
arabis_alpina	KL973674
arabis_alpina	KL973675
arabis_alpina	KL973677
arabis_alpina	KL973680
arabis_alpina	KL973738
arabis_alpina	KL973762
arabis_alpina	KL973763
arabis_alpina	KL973766
arabis_alpina	KL973771
arabis_alpina	KL973780
arabis_alpina	KL973783
arabis_alpina	KL973814
arabis_alpina	KL973819
arabis_alpina	KL973833
arabis_alpina	KL973835
arabis_alpina	KL973836
arabis_alpina	KL973863
arabis_alpina	KL973870
arabis_alpina	KL973875
arabis_alpina	KL973888
arabis_alpina	KL973919
arabis_alpina	KL973941
arabis_alpina	KL973948
arabis_alpina	KL973974
arabis_alpina	KL973987
arabis_alpina	KL973988
arabis_alpina	KL974040
arabis_alpina	KL974103
arabis_alpina	KL974108
arabis_alpina	KL974121
arabis_alpina	KL974134
arabis_alpina	KL974156
arabis_alpina	KL974161
arabis_alpina	KL974194
arabis_alpina	KL974216
arabis_alpina	KL974239
arabis_alpina	KL974241
arabis_alpina	KL974243
arabis_alpina	KL974256
arabis_alpina	KL974263
arabis_alpina	KL974264
arabis_alpina	KL974282
arabis_alpina	KL974283
arabis_alpina	KL974299
arabis_alpina	KL974305
arabis_alpina	KL974307
arabis_alpina	KL974367
arabis_alpina	KL974377
arabis_alpina	KL974384
arabis_alpina	KL974406
arabis_alpina	KL974430
arabis_alpina	KL974445
arabis_alpina	KL974453
arabis_alpina	KL974456
arabis_alpina	KL974468
arabis_alpina	KL974479
arabis_alpina	KL974498
arabis_alpina	KL974515
arabis_alpina	KL974540
arabis_alpina	KL974591
arabis_alpina	KL974592
arabis_alpina	KL974601
arabis_alpina	KL974605
arabis_alpina	KL974675
arabis_alpina	KL974685
arabis_alpina	KL974699
arabis_alpina	KL974720
arabis_alpina	KL974731
arabis_alpina	KL974733
arabis_alpina	KL974734
arabis_alpina	KL974750
arabis_alpina	KL974755
arabis_alpina	KL974758
arabis_alpina	KL974800
arabis_alpina	KL974801
arabis_alpina	KL974825
arabis_alpina	KL974826
arabis_alpina	KL974831
arabis_alpina	KL974852
arabis_alpina	KL974854
arabis_alpina	KL974864
arabis_alpina	KL974867
arabis_alpina	KL974870
arabis_alpina	KL974909
arabis_alpina	KL974929
arabis_alpina	KL974951
arabis_alpina	KL974974
arabis_alpina	KL974981
arabis_alpina	KL975022
arabis_alpina	KL975038
arabis_alpina	KL975048
arabis_alpina	KL975059
arabis_alpina	KL975066
arabis_alpina	KL975077
arabis_alpina	KL975078
arabis_alpina	KL975088
arabis_alpina	KL975089
arabis_alpina	KL975098
arabis_alpina	KL975107
arabis_alpina	KL975111
arabis_alpina	KL975205
arabis_alpina	KL975207
arabis_alpina	KL975224
arabis_alpina	KL975228
arabis_alpina	KL975229
arabis_alpina	KL975246
arabis_alpina	KL975248
arabis_alpina	KL975266
arabis_alpina	KL975342
arabis_alpina	KL975345
arabis_alpina	KL975377
arabis_alpina	KL975386
arabis_alpina	KL975413
arabis_alpina	KL975416
arabis_alpina	KL975417
arabis_alpina	KL975425
arabis_alpina	KL975436
arabis_alpina	KL975448
arabis_alpina	KL975456
arabis_alpina	KL975476
arabis_alpina	KL975478
arabis_alpina	KL975482
arabis_alpina	KL975484
arabis_alpina	KL975485
arabis_alpina	KL975508
arabis_alpina	KL975509
arabis_alpina	KL975520
arabis_alpina	KL975585
arabis_alpina	KL975593
arabis_alpina	KL975618
arabis_alpina	KL975637
arabis_alpina	KL975638
arabis_alpina	KL975642
arabis_alpina	KL975650
arabis_alpina	KL975683
arabis_alpina	KL975686
arabis_alpina	KL975710
arabis_alpina	KL975725
arabis_alpina	KL975744
arabis_alpina	KL975760
arabis_alpina	KL975780
arabis_alpina	KL975806
arabis_alpina	KL975812
arabis_alpina	KL975862
arabis_alpina	KL975863
arabis_alpina	KL975877
arabis_alpina	KL975882
arabis_alpina	KL975933
arabis_alpina	KL975935
arabis_alpina	KL975945
arabis_alpina	KL975964
arabis_alpina	KL975974
arabis_alpina	KL975976
arabis_alpina	KL975983
arabis_alpina	KL975985
arabis_alpina	KL975995
arabis_alpina	KL976017
arabis_alpina	KL976042
arabis_alpina	KL976051
arabis_alpina	KL976065
arabis_alpina	KL976082
arabis_alpina	KL976132
arabis_alpina	KL976148
arabis_alpina	KL976182
arabis_alpina	KL976185
arabis_alpina	KL976193
arabis_alpina	KL976204
arabis_alpina	KL976254
arabis_alpina	KL976272
arabis_alpina	KL976304
arabis_alpina	KL976381
arabis_alpina	KL976393
arabis_alpina	KL976505
arabis_alpina	KL976510
arabis_alpina	KL976524
arabis_alpina	KL976536
arabis_alpina	KL976550
arabis_alpina	KL976563
arabis_alpina	KL976582
arabis_alpina	KL976584
arabis_alpina	KL976604
arabis_alpina	KL976657
arabis_alpina	KL976667
arabis_alpina	KL976680
arabis_alpina	KL976690
arabis_alpina	KL976696
arabis_alpina	KL976708
arabis_alpina	KL976739
arabis_alpina	KL976760
arabis_alpina	KL976771
arabis_alpina	KL976791
arabis_alpina	KL976795
arabis_alpina	KL976817
arabis_alpina	KL976833
arabis_alpina	KL976835
arabis_alpina	KL976886
arabis_alpina	KL976894
arabis_alpina	KL976899
arabis_alpina	KL976932
arabis_alpina	KL976940
arabis_alpina	KL976955
arabis_alpina	KL976981
arabis_alpina	KL976982
arabis_alpina	KL977014
arabis_alpina	KL977024
arabis_alpina	KL977033
arabis_alpina	KL977039
arabis_alpina	KL977071
arabis_alpina	KL977085
arabis_alpina	KL977094
arabis_alpina	KL977096
arabis_alpina	KL977121
arabis_alpina	KL977124
arabis_alpina	KL977144
arabis_alpina	KL977147
arabis_alpina	KL977171
arabis_alpina	KL977216
arabis_alpina	KL977241
arabis_alpina	KL977268
arabis_alpina	KL977274
arabis_alpina	KL977276
arabis_alpina	KL977288
arabis_alpina	KL977289
arabis_alpina	KL977290
arabis_alpina	KL977295
arabis_alpina	KL977298
arabis_alpina	KL977328
arabis_alpina	KL977347
arabis_alpina	KL977352
arabis_alpina	KL977395
arabis_alpina	KL977399
arabis_alpina	KL977420
arabis_alpina	KL977421
arabis_alpina	KL977432
arabis_alpina	KL977440
arabis_alpina	KL977459
arabis_alpina	KL977470
arabis_alpina	KL977483
arabis_alpina	KL977513
arabis_alpina	KL977545
arabis_alpina	KL977607
arabis_alpina	KL977641
arabis_alpina	KL977666
arabis_alpina	KL977673
arabis_alpina	KL977716
arabis_alpina	KL977718
arabis_alpina	KL977721
arabis_alpina	KL977753
arabis_alpina	KL977764
arabis_alpina	KL977789
arabis_alpina	KL977804
arabis_alpina	KL977854
arabis_alpina	KL977871
arabis_alpina	KL977903
arabis_alpina	KL977922
arabis_alpina	KL977925
arabis_alpina	KL977951
arabis_alpina	KL978024
arabis_alpina	KL978027
arabis_alpina	KL978033
arabis_alpina	KL978035
arabis_alpina	KL978042
arabis_alpina	KL978059
arabis_alpina	KL978062
arabis_alpina	KL978069
arabis_alpina	KL978084
arabis_alpina	KL978088
arabis_alpina	KL978098
arabis_alpina	KL978136
arabis_alpina	KL978143
arabis_alpina	KL978165
arabis_alpina	KL978218
arabis_alpina	KL978229
arabis_alpina	KL978245
arabis_alpina	KL978252
arabis_alpina	KL978278
arabis_alpina	KL978280
arabis_alpina	KL978301
arabis_alpina	KL978311
arabis_alpina	KL978312
arabis_alpina	KL978321
arabis_alpina	KL978324
arabis_alpina	KL978325
arabis_alpina	KL978364
arabis_alpina	KL978391
arabis_alpina	KL978400
arabis_alpina	KL978420
arabis_alpina	KL978428
arabis_alpina	KL978509
arabis_alpina	KL978515
arabis_alpina	KL978558
arabis_alpina	KL978572
arabis_alpina	KL978585
arabis_alpina	KL978595
arabis_alpina	KL978599
arabis_alpina	KL978606
arabis_alpina	KL978611
arabis_alpina	KL978629
arabis_alpina	KL978640
arabis_alpina	KL978659
arabis_alpina	KL978668
arabis_alpina	KL978704
arabis_alpina	KL978716
arabis_alpina	KL978747
arabis_alpina	KL978778
arabis_alpina	KL978790
arabis_alpina	KL978804
arabis_alpina	KL978820
arabis_alpina	KL978828
arabis_alpina	KL978829
arabis_alpina	KL978833
arabis_alpina	KL978849
arabis_alpina	KL978853
arabis_alpina	KL978862
arabis_alpina	KL978865
arabis_alpina	KL978885
arabis_alpina	KL978898
arabis_alpina	KL978921
arabis_alpina	KL978950
arabis_alpina	KL978960
arabis_alpina	KL978963
arabis_alpina	KL978966
arabis_alpina	KL978971
arabis_alpina	KL979019
arabis_alpina	KL979033
arabis_alpina	KL979059
arabis_alpina	KL979068
arabis_alpina	KL979149
arabis_alpina	KL979188
arabis_alpina	KL979241
arabis_alpina	KL979242
arabis_alpina	KL979243
arabis_alpina	KL979244
arabis_alpina	KL979262
arabis_alpina	KL979264
arabis_alpina	KL979276
arabis_alpina	KL979278
arabis_alpina	KL979280
arabis_alpina	KL979301
arabis_alpina	KL979308
arabis_alpina	KL979318
arabis_alpina	KL979322
arabis_alpina	KL979335
arabis_alpina	KL979417
arabis_alpina	KL979434
arabis_alpina	KL979474
arabis_alpina	KL979482
arabis_alpina	KL979491
arabis_alpina	KL979493
arabis_alpina	KL979495
arabis_alpina	KL979504
arabis_alpina	KL979509
arabis_alpina	KL979515
arabis_alpina	KL979564
arabis_alpina	KL979582
arabis_alpina	KL979592
arabis_alpina	KL979608
arabis_alpina	KL979625
arabis_alpina	KL979640
arabis_alpina	KL979677
arabis_alpina	KL979688
arabis_alpina	KL979702
arabis_alpina	KL979733
arabis_alpina	KL979734
arabis_alpina	KL979745
arabis_alpina	KL979770
arabis_alpina	KL979772
arabis_alpina	KL979782
arabis_alpina	KL979795
arabis_alpina	KL979799
arabis_alpina	KL979825
arabis_alpina	KL979833
arabis_alpina	KL979865
arabis_alpina	KL979879
arabis_alpina	KL979881
arabis_alpina	KL979889
arabis_alpina	KL979910
arabis_alpina	KL979960
arabis_alpina	KL979970
arabis_alpina	KL979975
arabis_alpina	KL979994
arabis_alpina	KL980000
arabis_alpina	KL980017
arabis_alpina	KL980020
arabis_alpina	KL980041
arabis_alpina	KL980053
arabis_alpina	KL980078
arabis_alpina	KL980108
arabis_alpina	KL980120
arabis_alpina	KL980127
arabis_alpina	KL980146
arabis_alpina	KL980176
arabis_alpina	KL980185
arabis_alpina	KL980195
arabis_alpina	KL980200
arabis_alpina	KL980201
arabis_alpina	KL980206
arabis_alpina	KL980223
arabis_alpina	KL980277
arabis_alpina	KL980293
arabis_alpina	KL980306
arabis_alpina	KL980311
arabis_alpina	KL980319
arabis_alpina	KL980351
arabis_alpina	KL980354
arabis_alpina	KL980363
arabis_alpina	KL980370
arabis_alpina	KL980380
arabis_alpina	KL980382
arabis_alpina	KL980401
arabis_alpina	KL980420
arabis_alpina	KL980448
arabis_alpina	KL980449
arabis_alpina	KL980532
arabis_alpina	KL980538
arabis_alpina	KL980539
arabis_alpina	KL980547
arabis_alpina	KL980589
arabis_alpina	KL980615
arabis_alpina	KL980637
arabis_alpina	KL980666
arabis_alpina	KL980673
arabis_alpina	KL980676
arabis_alpina	KL980683
arabis_alpina	KL980722
arabis_alpina	KL980736
arabis_alpina	KL980770
arabis_alpina	KL980802
arabis_alpina	KL980803
arabis_alpina	KL980813
arabis_alpina	KL980820
arabis_alpina	KL980885
arabis_alpina	KL980887
arabis_alpina	KL980915
arabis_alpina	KL980924
arabis_alpina	KL980928
arabis_alpina	KL980954
arabis_alpina	KL980956
arabis_alpina	KL980965
arabis_alpina	KL980967
arabis_alpina	KL980978
arabis_alpina	KL980985
arabis_alpina	KL980989
arabis_alpina	KL980993
arabis_alpina	KL980994
arabis_alpina	KL981011
arabis_alpina	KL981036
arabis_alpina	KL981041
arabis_alpina	KL981042
arabis_alpina	KL981082
arabis_alpina	KL981084
arabis_alpina	KL981086
arabis_alpina	KL981115
arabis_alpina	KL981120
arabis_alpina	KL981147
arabis_alpina	KL981169
arabis_alpina	KL981180
arabis_alpina	KL981189
arabis_alpina	KL981206
arabis_alpina	KL981247
arabis_alpina	KL981252
arabis_alpina	KL981266
arabis_alpina	KL981272
arabis_alpina	KL981295
arabis_alpina	KL981300
arabis_alpina	KL981304
arabis_alpina	KL981326
arabis_alpina	KL981330
arabis_alpina	KL981339
arabis_alpina	KL981363
arabis_alpina	KL981369
arabis_alpina	KL981405
arabis_alpina	KL981416
arabis_alpina	KL981510
arabis_alpina	KL981512
arabis_alpina	KL981514
arabis_alpina	KL981522
arabis_alpina	KL981529
arabis_alpina	KL981554
arabis_alpina	KL981633
arabis_alpina	KL981669
arabis_alpina	KL981672
arabis_alpina	KL981676
arabis_alpina	KL981698
arabis_alpina	KL981733
arabis_alpina	KL981735
arabis_alpina	KL981757
arabis_alpina	KL981780
arabis_alpina	KL981800
arabis_alpina	KL981824
arabis_alpina	KL981846
arabis_alpina	KL981850
arabis_alpina	KL981859
arabis_alpina	KL981860
arabis_alpina	KL981880
arabis_alpina	KL981881
arabis_alpina	KL981888
arabis_alpina	KL981911
arabis_alpina	KL981913
arabis_alpina	KL981924
arabis_alpina	KL981966
arabis_alpina	KL981971
arabis_alpina	KL981977
arabis_alpina	KL981982
arabis_alpina	KL982032
arabis_alpina	KL982036
arabis_alpina	KL982046
arabis_alpina	KL982061
arabis_alpina	KL982067
arabis_alpina	KL982086
arabis_alpina	KL982088
arabis_alpina	KL982101
arabis_alpina	KL982109
arabis_alpina	KL982171
arabis_alpina	KL982173
arabis_alpina	KL982189
arabis_alpina	KL982203
arabis_alpina	KL982205
arabis_alpina	KL982238
arabis_alpina	KL982280
arabis_alpina	KL982299
arabis_alpina	KL982312
arabis_alpina	KL982316
arabis_alpina	KL982377
arabis_alpina	KL982390
arabis_alpina	KL982391
arabis_alpina	KL982409
arabis_alpina	KL982452
arabis_alpina	KL982474
arabis_alpina	KL982486
arabis_alpina	KL982491
arabis_alpina	KL982506
arabis_alpina	KL982509
arabis_alpina	KL982552
arabis_alpina	KL982575
arabis_alpina	KL982581
arabis_alpina	KL982590
arabis_alpina	KL982593
arabis_alpina	KL982601
arabis_alpina	KL982618
arabis_alpina	KL982645
arabis_alpina	KL982655
arabis_alpina	KL982663
arabis_alpina	KL982727
arabis_alpina	KL982728
arabis_alpina	KL982731
arabis_alpina	KL982753
arabis_alpina	KL982771
arabis_alpina	KL982780
arabis_alpina	KL982787
arabis_alpina	KL982845
arabis_alpina	KL982858
arabis_alpina	KL982867
arabis_alpina	KL982879
arabis_alpina	KL982888
arabis_alpina	KL982899
arabis_alpina	KL982951
arabis_alpina	KL982959
arabis_alpina	KL982965
arabis_alpina	KL982974
arabis_alpina	KL983008
arabis_alpina	KL983016
arabis_alpina	KL983018
arabis_alpina	KL983030
arabis_alpina	KL983055
arabis_alpina	KL983080
arabis_alpina	KL983087
arabis_alpina	KL983098
arabis_alpina	KL983116
arabis_alpina	KL983135
arabis_alpina	KL983149
arabis_alpina	KL983177
arabis_alpina	KL983183
arabis_alpina	KL983196
arabis_alpina	KL983200
arabis_alpina	KL983209
arabis_alpina	KL983216
arabis_alpina	KL983220
arabis_alpina	KL983262
arabis_alpina	KL983265
arabis_alpina	KL983289
arabis_alpina	KL983294
arabis_alpina	KL983297
arabis_alpina	KL983321
arabis_alpina	KL983325
arabis_alpina	KL983329
arabis_alpina	KL983331
arabis_alpina	KL983335
arabis_alpina	KL983350
arabis_alpina	KL983355
arabis_alpina	KL983357
arabis_alpina	KL983372
arabis_alpina	KL983377
arabis_alpina	KL983383
arabis_alpina	KL983390
arabis_alpina	KL983404
arabis_alpina	KL983423
arabis_alpina	KL983433
arabis_alpina	KL983439
arabis_alpina	KL983451
arabis_alpina	KL983452
arabis_alpina	KL983477
arabis_alpina	KL983554
arabis_alpina	KL983561
arabis_alpina	KL983562
arabis_alpina	KL983621
arabis_alpina	KL983632
arabis_alpina	KL983668
arabis_alpina	KL983673
arabis_alpina	KL983727
arabis_alpina	KL983742
arabis_alpina	KL983787
arabis_alpina	KL983798
arabis_alpina	KL983801
arabis_alpina	KL983840
arabis_alpina	KL983841
arabis_alpina	KL983843
arabis_alpina	KL983844
arabis_alpina	KL983845
arabis_alpina	KL983868
arabis_alpina	KL983899
arabis_alpina	KL983914
arabis_alpina	KL983916
arabis_alpina	KL983923
arabis_alpina	KL983931
arabis_alpina	KL983940
arabis_alpina	KL983957
arabis_alpina	KL983977
arabis_alpina	KL984007
arabis_alpina	KL984010
arabis_alpina	KL984042
arabis_alpina	KL984047
arabis_alpina	KL984052
arabis_alpina	KL984066
arabis_alpina	KL984082
arabis_alpina	KL984103
arabis_alpina	KL984156
arabis_alpina	KL984168
arabis_alpina	KL984198
arabis_alpina	KL984209
arabis_alpina	KL984217
arabis_alpina	KL984221
arabis_alpina	KL984230
arabis_alpina	KL984253
arabis_alpina	KL984271
arabis_alpina	KL984278
arabis_alpina	KL984294
arabis_alpina	KL984298
arabis_alpina	KL984308
arabis_alpina	KL984332
arabis_alpina	KL984333
arabis_alpina	KL984340
arabis_alpina	KL984349
arabis_alpina	KL984358
arabis_alpina	KL984380
arabis_alpina	KL984391
arabis_alpina	KL984397
arabis_alpina	KL984407
arabis_alpina	KL984408
arabis_alpina	KL984419
arabis_alpina	KL984478
arabis_alpina	KL984487
arabis_alpina	KL984489
arabis_alpina	KL984491
arabis_alpina	KL984500
arabis_alpina	KL984501
arabis_alpina	KL984518
arabis_alpina	KL984521
arabis_alpina	KL984530
arabis_alpina	KL984543
arabis_alpina	KL984546
arabis_alpina	KL984566
arabis_alpina	KL984573
arabis_alpina	KL984579
arabis_alpina	KL984600
arabis_alpina	KL984605
arabis_alpina	KL984625
arabis_alpina	KL984626
arabis_alpina	KL984655
arabis_alpina	KL984679
arabis_alpina	KL984721
arabis_alpina	KL984768
arabis_alpina	KL984779
arabis_alpina	KL984835
arabis_alpina	KL984856
arabis_alpina	KL984867
arabis_alpina	KL984884
arabis_alpina	KL984892
arabis_alpina	KL984898
arabis_alpina	KL984900
arabis_alpina	KL984990
arabis_alpina	KL985006
arabis_alpina	KL985014
arabis_alpina	KL985015
arabis_alpina	KL985037
arabis_alpina	KL985072
arabis_alpina	KL985079
arabis_alpina	KL985099
arabis_alpina	KL985103
arabis_alpina	KL985111
arabis_alpina	KL985120
arabis_alpina	KL985139
arabis_alpina	KL985140
arabis_alpina	KL985161
arabis_alpina	KL985166
arabis_alpina	KL985170
arabis_alpina	KL985199
arabis_alpina	KL985209
arabis_alpina	KL985217
arabis_alpina	KL985218
arabis_alpina	KL985235
arabis_alpina	KL985252
arabis_alpina	KL985268
arabis_alpina	KL985269
arabis_alpina	KL985280
arabis_alpina	KL985299
arabis_alpina	KL985324
arabis_alpina	KL985331
arabis_alpina	KL985337
arabis_alpina	KL985362
arabis_alpina	KL985400
arabis_alpina	KL985412
arabis_alpina	KL985426
arabis_alpina	KL985429
arabis_alpina	KL985465
arabis_alpina	KL985483
arabis_alpina	KL985489
arabis_alpina	KL985536
arabis_alpina	KL985547
arabis_alpina	KL985593
arabis_alpina	KL985597
arabis_alpina	KL985648
arabis_alpina	KL985654
arabis_alpina	KL985680
arabis_alpina	KL985692
arabis_alpina	KL985707
arabis_alpina	KL985729
arabis_alpina	KL985778
arabis_alpina	KL985786
arabis_alpina	KL985794
arabis_alpina	KL985796
arabis_alpina	KL985812
arabis_alpina	KL985832
arabis_alpina	KL985850
arabis_alpina	KL985863
arabis_alpina	KL985864
arabis_alpina	KL985881
arabis_alpina	KL985915
arabis_alpina	KL985939
arabis_alpina	KL985962
arabis_alpina	KL985969
arabis_alpina	KL985972
arabis_alpina	KL986022
arabis_alpina	KL986029
arabis_alpina	KL986050
arabis_alpina	KL986060
arabis_alpina	KL986065
arabis_alpina	KL986073
arabis_alpina	KL986081
arabis_alpina	KL986094
arabis_alpina	KL986104
arabis_alpina	KL986110
arabis_alpina	KL986111
arabis_alpina	KL986121
arabis_alpina	KL986128
arabis_alpina	KL986133
arabis_alpina	KL986148
arabis_alpina	KL986153
arabis_alpina	KL986165
arabis_alpina	KL986189
arabis_alpina	KL986193
arabis_alpina	KL986200
arabis_alpina	KL986202
arabis_alpina	KL986206
arabis_alpina	KL986244
arabis_alpina	KL986246
arabis_alpina	KL986290
arabis_alpina	KL986296
arabis_alpina	KL986300
arabis_alpina	KL986302
arabis_alpina	KL986307
arabis_alpina	KL986317
arabis_alpina	KL986323
arabis_alpina	KL986370
arabis_alpina	KL986376
arabis_alpina	KL986390
arabis_alpina	KL986401
arabis_alpina	KL986414
arabis_alpina	KL986421
arabis_alpina	KL986429
arabis_alpina	KL986450
arabis_alpina	KL986470
arabis_alpina	KL986473
arabis_alpina	KL986478
arabis_alpina	KL986484
arabis_alpina	KL986486
arabis_alpina	KL986504
arabis_alpina	KL986518
arabis_alpina	KL986524
arabis_alpina	KL986528
arabis_alpina	KL986535
arabis_alpina	KL986575
arabis_alpina	KL986586
arabis_alpina	KL986591
arabis_alpina	KL986596
arabis_alpina	KL986613
arabis_alpina	KL986620
arabis_alpina	KL986657
arabis_alpina	KL986667
arabis_alpina	KL986675
arabis_alpina	KL986691
arabis_alpina	KL986737
arabis_alpina	KL986873
arabis_alpina	KL986874
arabis_alpina	KL986895
arabis_alpina	KL986908
arabis_alpina	KL986913
arabis_alpina	KL986917
arabis_alpina	KL986919
arabis_alpina	KL986957
arabis_alpina	KL987018
arabis_alpina	KL987026
arabis_alpina	KL987047
arabis_alpina	KL987053
arabis_alpina	KL987057
arabis_alpina	KL987072
arabis_alpina	KL987088
arabis_alpina	KL987095
arabis_alpina	KL987103
arabis_alpina	KL987120
arabis_alpina	KL987160
arabis_alpina	KL987179
arabis_alpina	KL987202
arabis_alpina	KL987203
arabis_alpina	KL987215
arabis_alpina	KL987221
arabis_alpina	KL987225
arabis_alpina	KL987250
arabis_alpina	KL987259
arabis_alpina	KL987261
arabis_alpina	KL987294
arabis_alpina	KL987343
arabis_alpina	KL987407
arabis_alpina	KL987410
arabis_alpina	KL987432
arabis_alpina	KL987438
arabis_alpina	KL987450
arabis_alpina	KL987462
arabis_alpina	KL987480
arabis_alpina	KL987490
arabis_alpina	KL987500
arabis_alpina	KL987526
arabis_alpina	KL987547
arabis_alpina	KL987555
arabis_alpina	KL987587
arabis_alpina	KL987592
arabis_alpina	KL987616
arabis_alpina	KL987652
arabis_alpina	KL987692
arabis_alpina	KL987716
arabis_alpina	KL987717
arabis_alpina	KL987721
arabis_alpina	KL987735
arabis_alpina	KL987737
arabis_alpina	KL987751
arabis_alpina	KL987760
arabis_alpina	KL987810
arabis_alpina	KL987818
arabis_alpina	KL987829
arabis_alpina	KL987832
arabis_alpina	KL987852
arabis_alpina	KL987855
arabis_alpina	KL987879
arabis_alpina	KL987880
arabis_alpina	KL987900
arabis_alpina	KL987911
arabis_alpina	KL987922
arabis_alpina	KL987930
arabis_alpina	KL987950
arabis_alpina	KL987987
arabis_alpina	KL987993
arabis_alpina	KL988001
arabis_alpina	KL988013
arabis_alpina	KL988032
arabis_alpina	KL988074
arabis_alpina	KL988096
arabis_alpina	KL988101
arabis_alpina	KL988117
arabis_alpina	KL988124
arabis_alpina	KL988134
arabis_alpina	KL988141
arabis_alpina	KL988228
arabis_alpina	KL988229
arabis_alpina	KL988253
arabis_alpina	KL988266
arabis_alpina	KL988289
arabis_alpina	KL988291
arabis_alpina	KL988301
arabis_alpina	KL988306
arabis_alpina	KL988315
arabis_alpina	KL988320
arabis_alpina	KL988333
arabis_alpina	KL988393
arabis_alpina	KL988399
arabis_alpina	KL988401
arabis_alpina	KL988409
arabis_alpina	KL988416
arabis_alpina	KL988448
arabis_alpina	KL988454
arabis_alpina	KL988457
arabis_alpina	KL988464
arabis_alpina	KL988472
arabis_alpina	KL988480
arabis_alpina	KL988491
arabis_alpina	KL988495
arabis_alpina	KL988510
arabis_alpina	KL988551
arabis_alpina	KL988553
arabis_alpina	KL988555
arabis_alpina	KL988560
arabis_alpina	KL988568
arabis_alpina	KL988587
arabis_alpina	KL988588
arabis_alpina	KL988607
arabis_alpina	KL988613
arabis_alpina	KL988614
arabis_alpina	KL988617
arabis_alpina	KL988621
arabis_alpina	KL988649
arabis_alpina	KL988682
arabis_alpina	KL988695
arabis_alpina	KL988720
arabis_alpina	KL988722
arabis_alpina	KL988724
arabis_alpina	KL988730
arabis_alpina	KL988735
arabis_alpina	KL988774
arabis_alpina	KL988790
arabis_alpina	KL988799
arabis_alpina	KL988809
arabis_alpina	KL988813
arabis_alpina	KL988821
arabis_alpina	KL988863
arabis_alpina	KL988864
arabis_alpina	KL988866
arabis_alpina	KL988868
arabis_alpina	KL988875
arabis_alpina	KL988878
arabis_alpina	KL988880
arabis_alpina	KL988888
arabis_alpina	KL988891
arabis_alpina	KL988900
arabis_alpina	KL988905
arabis_alpina	KL988928
arabis_alpina	KL988933
arabis_alpina	KL988966
arabis_alpina	KL988996
arabis_alpina	KL989062
arabis_alpina	KL989063
arabis_alpina	KL989070
arabis_alpina	KL989122
arabis_alpina	KL989145
arabis_alpina	KL989161
arabis_alpina	KL989209
arabis_alpina	KL989210
arabis_alpina	KL989230
arabis_alpina	KL989231
arabis_alpina	KL989284
arabis_alpina	KL989298
arabis_alpina	KL989323
arabis_alpina	KL989337
arabis_alpina	KL989343
arabis_alpina	KL989358
arabis_alpina	KL989371
arabis_alpina	KL989390
arabis_alpina	KL989392
arabis_alpina	KL989403
arabis_alpina	KL989412
arabis_alpina	KL989417
arabis_alpina	KL989425
arabis_alpina	KL989449
arabis_alpina	KL989466
arabis_alpina	KL989473
arabis_alpina	KL989501
arabis_alpina	KL989507
arabis_alpina	KL989530
arabis_alpina	KL989538
arabis_alpina	KL989544
arabis_alpina	KL989568
arabis_alpina	KL989583
arabis_alpina	KL989593
arabis_alpina	KL989602
arabis_alpina	KL989614
arabis_alpina	KL989624
arabis_alpina	KL989625
arabis_alpina	KL989649
arabis_alpina	KL989660
arabis_alpina	KL989667
arabis_alpina	KL989671
arabis_alpina	KL989674
arabis_alpina	KL989686
arabis_alpina	KL989701
arabis_alpina	KL989709
arabis_alpina	KL989712
arabis_alpina	KL989715
arabis_alpina	KL989721
arabis_alpina	KL989730
arabis_alpina	KL989743
arabis_alpina	KL989757
arabis_alpina	KL989774
arabis_alpina	KL989804
arabis_alpina	KL989811
arabis_alpina	KL989812
arabis_alpina	KL989818
arabis_alpina	KL989828
arabis_alpina	KL989847
arabis_alpina	KL989848
arabis_alpina	KL989895
arabis_alpina	KL989932
arabis_alpina	KL989938
arabis_alpina	KL989950
arabis_alpina	KL989959
arabis_alpina	KL989978
arabis_alpina	KL989996
arabis_alpina	KL990034
arabis_alpina	KL990040
arabis_alpina	KL990057
arabis_alpina	KL990064
arabis_alpina	KL990157
arabis_alpina	KL990165
arabis_alpina	KL990166
arabis_alpina	KL990175
arabis_alpina	KL990191
arabis_alpina	KL990194
arabis_alpina	KL990209
arabis_alpina	KL990282
arabis_alpina	KL990289
arabis_alpina	KL990298
arabis_alpina	KL990307
arabis_alpina	KL990312
arabis_alpina	KL990326
arabis_alpina	KL990349
arabis_alpina	KL990355
arabis_alpina	KL990390
arabis_alpina	KL990410
arabis_alpina	KL990411
arabis_alpina	KL990415
arabis_alpina	KL990419
arabis_alpina	KL990443
arabis_alpina	KL990471
arabis_alpina	KL990478
arabis_alpina	KL990479
arabis_alpina	KL990509
arabis_alpina	KL990537
arabis_alpina	KL990546
arabis_alpina	KL990548
arabis_alpina	KL990560
arabis_alpina	KL990567
arabis_alpina	KL990582
arabis_alpina	KL990600
arabis_alpina	KL990610
arabis_alpina	KL990627
arabis_alpina	KL990634
arabis_alpina	KL990659
arabis_alpina	KL990661
arabis_alpina	KL990684
arabis_alpina	KL990686
arabis_alpina	KL990702
arabis_alpina	KL990727
arabis_alpina	KL990729
arabis_alpina	KL990736
arabis_alpina	KL990797
arabis_alpina	KL990809
arabis_alpina	KL990813
arabis_alpina	KL990827
arabis_alpina	KL990841
arabis_alpina	KL990844
arabis_alpina	KL990863
arabis_alpina	KL990866
arabis_alpina	KL990867
arabis_alpina	KL990872
arabis_alpina	KL990892
arabis_alpina	KL990894
arabis_alpina	KL990928
arabis_alpina	KL990937
arabis_alpina	KL990982
arabis_alpina	KL990984
arabis_alpina	KL991020
arabis_alpina	KL991028
arabis_alpina	KL991033
arabis_alpina	KL991080
arabis_alpina	KL991092
arabis_alpina	KL991100
arabis_alpina	KL991109
arabis_alpina	KL991114
arabis_alpina	KL991121
arabis_alpina	KL991139
arabis_alpina	KL991164
arabis_alpina	KL991183
arabis_alpina	KL991207
arabis_alpina	KL991218
arabis_alpina	KL991220
arabis_alpina	KL991240
arabis_alpina	KL991245
arabis_alpina	KL991279
arabis_alpina	KL991294
arabis_alpina	KL991315
arabis_alpina	KL991335
arabis_alpina	KL991357
arabis_alpina	KL991465
arabis_alpina	KL991471
arabis_alpina	KL991479
arabis_alpina	KL991500
arabis_alpina	KL991504
arabis_alpina	KL991509
arabis_alpina	KL991512
arabis_alpina	KL991514
arabis_alpina	KL991538
arabis_alpina	KL991539
arabis_alpina	KL991540
arabis_alpina	KL991543
arabis_alpina	KL991553
arabis_alpina	KL991594
arabis_alpina	KL991626
arabis_alpina	KL991633
arabis_alpina	KL991649
arabis_alpina	KL991666
arabis_alpina	KL991708
arabis_alpina	KL991717
arabis_alpina	KL991731
arabis_alpina	KL991733
arabis_alpina	KL991773
arabis_alpina	KL991785
arabis_alpina	KL991788
arabis_alpina	KL991818
arabis_alpina	KL991851
arabis_alpina	KL991852
arabis_alpina	KL991862
arabis_alpina	KL991883
arabis_alpina	KL991910
arabis_alpina	KL991935
arabis_alpina	KL991939
arabis_alpina	KL991952
arabis_alpina	KL991958
arabis_alpina	KL991975
arabis_alpina	KL992012
arabis_alpina	KL992032
arabis_alpina	KL992041
arabis_alpina	KL992049
arabis_alpina	KL992051
arabis_alpina	KL992068
arabis_alpina	KL992079
arabis_alpina	KL992092
arabis_alpina	KL992112
arabis_alpina	KL992136
arabis_alpina	KL992141
arabis_alpina	KL992144
arabis_alpina	KL992160
arabis_alpina	KL992172
arabis_alpina	KL992223
arabis_alpina	KL992263
arabis_alpina	KL992282
arabis_alpina	KL992305
arabis_alpina	KL992325
arabis_alpina	KL992327
arabis_alpina	KL992330
arabis_alpina	KL992369
arabis_alpina	KL992407
arabis_alpina	KL992416
arabis_alpina	KL992445
arabis_alpina	KL992448
arabis_alpina	KL992475
arabis_alpina	KL992482
arabis_alpina	KL992492
arabis_alpina	KL992498
arabis_alpina	KL992502
arabis_alpina	KL992506
arabis_alpina	KL992516
arabis_alpina	KL992532
arabis_alpina	KL992550
arabis_alpina	KL992553
arabis_alpina	KL992559
arabis_alpina	KL992574
arabis_alpina	KL992607
arabis_alpina	KL992656
arabis_alpina	KL992674
arabis_alpina	KL992680
arabis_alpina	KL992686
arabis_alpina	KL992687
arabis_alpina	KL992699
arabis_alpina	KL992711
arabis_alpina	KL992716
arabis_alpina	KL992730
arabis_alpina	KL992769
arabis_alpina	KL992775
arabis_alpina	KL992789
arabis_alpina	KL992807
arabis_alpina	KL992836
arabis_alpina	KL992860
arabis_alpina	KL992886
arabis_alpina	KL992900
arabis_alpina	KL992902
arabis_alpina	KL992911
arabis_alpina	KL992939
arabis_alpina	KL992947
arabis_alpina	KL992969
arabis_alpina	KL992979
arabis_alpina	KL992987
arabis_alpina	KL992988
arabis_alpina	KL993003
arabis_alpina	KL993038
arabis_alpina	KL993045
arabis_alpina	KL993100
arabis_alpina	KL993101
arabis_alpina	KL993115
arabis_alpina	KL993126
arabis_alpina	KL993137
arabis_alpina	KL993147
arabis_alpina	KL993169
arabis_alpina	KL993201
arabis_alpina	KL993223
arabis_alpina	KL993227
arabis_alpina	KL993250
arabis_alpina	KL993255
arabis_alpina	KL993263
arabis_alpina	KL993269
arabis_alpina	KL993276
arabis_alpina	KL993282
arabis_alpina	KL993323
arabis_alpina	KL993395
arabis_alpina	KL993460
arabis_alpina	KL993464
arabis_alpina	KL993486
arabis_alpina	KL993506
arabis_alpina	KL993528
arabis_alpina	KL993533
arabis_alpina	KL993534
arabis_alpina	KL993539
arabis_alpina	KL993542
arabis_alpina	KL993572
arabis_alpina	KL993594
arabis_alpina	KL993608
arabis_alpina	KL993632
arabis_alpina	KL993673
arabis_alpina	KL993679
arabis_alpina	KL993713
arabis_alpina	KL993720
arabis_alpina	KL993724
arabis_alpina	KL993753
arabis_alpina	KL993760
arabis_alpina	KL993799
arabis_alpina	KL993832
arabis_alpina	KL993878
arabis_alpina	KL993885
arabis_alpina	KL993892
arabis_alpina	KL993900
arabis_alpina	KL993911
arabis_alpina	KL993932
arabis_alpina	KL993951
arabis_alpina	KL993958
arabis_alpina	KL994078
arabis_alpina	KL994082
arabis_alpina	KL994091
arabis_alpina	KL994109
arabis_alpina	KL994116
arabis_alpina	KL994118
arabis_alpina	KL994127
arabis_alpina	KL994136
arabis_alpina	KL994138
arabis_alpina	KL994143
arabis_alpina	KL994149
arabis_alpina	KL994151
arabis_alpina	KL994190
arabis_alpina	KL994192
arabis_alpina	KL994208
arabis_alpina	KL994209
arabis_alpina	KL994224
arabis_alpina	KL994232
arabis_alpina	KL994281
arabis_alpina	KL994362
arabis_alpina	KL994370
arabis_alpina	KL994373
arabis_alpina	KL994377
arabis_alpina	KL994379
arabis_alpina	KL994385
arabis_alpina	KL994422
arabis_alpina	KL994433
arabis_alpina	KL994437
arabis_alpina	KL994445
arabis_alpina	KL994461
arabis_alpina	KL994466
arabis_alpina	KL994488
arabis_alpina	KL994489
arabis_alpina	KL994566
arabis_alpina	KL994581
arabis_alpina	KL994587
arabis_alpina	KL994597
arabis_alpina	KL994612
arabis_alpina	KL994628
arabis_alpina	KL994629
arabis_alpina	KL994630
arabis_alpina	KL994646
arabis_alpina	KL994656
arabis_alpina	KL994662
arabis_alpina	KL994689
arabis_alpina	KL994745
arabis_alpina	KL994749
arabis_alpina	KL994786
arabis_alpina	KL994790
arabis_alpina	KL994807
arabis_alpina	KL994810
arabis_alpina	KL994812
arabis_alpina	KL994822
arabis_alpina	KL994826
arabis_alpina	KL994829
arabis_alpina	KL994862
arabis_alpina	KL994866
arabis_alpina	KL994868
arabis_alpina	KL994895
arabis_alpina	KL994906
arabis_alpina	KL994929
arabis_alpina	KL994944
arabis_alpina	KL994961
arabis_alpina	KL994964
arabis_alpina	KL994969
arabis_alpina	KL994982
arabis_alpina	KL995012
arabis_alpina	KL995019
arabis_alpina	KL995056
arachis_duranensis	NC029772.3
arachis_duranensis	NC029773.3
arachis_duranensis	NC029774.3
arachis_duranensis	NC029775.3
arachis_duranensis	NC029776.3
arachis_duranensis	NC029777.3
arachis_duranensis	NC029778.3
arachis_duranensis	NC029779.3
arachis_duranensis	NC029780.3
arachis_duranensis	NC029781.3
arachis_duranensis	NC047337.1
arachis_duranensis	NW026263704.1
arachis_duranensis	NW026263705.1
arachis_duranensis	NW026263709.1
arachis_duranensis	NW026263710.1
arachis_duranensis	NW026263711.1
arachis_duranensis	NW026263715.1
arachis_duranensis	NW026263716.1
arachis_duranensis	NW026263720.1
arachis_duranensis	NW026263729.1
arachis_duranensis	NW026263730.1
arachis_duranensis	NW026263733.1
arachis_duranensis	NW026263736.1
arachis_duranensis	NW026263741.1
arachis_duranensis	NW026263744.1
arachis_duranensis	NW026263750.1
arachis_duranensis	NW026263753.1
arachis_duranensis	NW026263765.1
arachis_duranensis	NW026263767.1
arachis_duranensis	NW026263768.1
arachis_duranensis	NW026263771.1
arachis_duranensis	NW026263772.1
arachis_duranensis	NW026263773.1
arachis_duranensis	NW026263776.1
arachis_duranensis	NW026263780.1
arachis_duranensis	NW026263782.1
arachis_duranensis	NW026263785.1
arachis_duranensis	NW026263786.1
arachis_duranensis	NW026263787.1
arachis_duranensis	NW026263790.1
arachis_duranensis	NW026263791.1
arachis_duranensis	NW026263796.1
arachis_duranensis	NW026263797.1
arachis_duranensis	NW026263798.1
arachis_duranensis	NW026263800.1
arachis_duranensis	NW026263805.1
arachis_duranensis	NW026263806.1
arachis_duranensis	NW026263807.1
arachis_duranensis	NW026263808.1
arachis_duranensis	NW026263809.1
arachis_duranensis	NW026263810.1
arachis_duranensis	NW026263811.1
arachis_duranensis	NW026263812.1
arachis_duranensis	NW026263815.1
arachis_duranensis	NW026263816.1
arachis_duranensis	NW026263817.1
arachis_duranensis	NW026263819.1
arachis_duranensis	NW026263821.1
arachis_duranensis	NW026263827.1
arachis_duranensis	NW026263833.1
arachis_duranensis	NW026263836.1
arachis_duranensis	NW026263841.1
arachis_duranensis	NW026263843.1
arachis_duranensis	NW026263850.1
arachis_duranensis	NW026263852.1
arachis_duranensis	NW026263853.1
arachis_duranensis	NW026263856.1
arachis_duranensis	NW026263862.1
arachis_duranensis	NW026263863.1
arachis_duranensis	NW026263865.1
arachis_duranensis	NW026263866.1
arachis_duranensis	NW026263873.1
arachis_duranensis	NW026263874.1
arachis_duranensis	NW026263878.1
arachis_duranensis	NW026263881.1
arachis_duranensis	NW026263884.1
arachis_duranensis	NW026263885.1
arachis_duranensis	NW026263895.1
arachis_duranensis	NW026263905.1
arachis_duranensis	NW026263912.1
arachis_duranensis	NW026263916.1
arachis_duranensis	NW026263932.1
arachis_duranensis	NW026263943.1
arachis_duranensis	NW026263949.1
arachis_duranensis	NW026263957.1
arachis_duranensis	NW026263958.1
arachis_duranensis	NW026263963.1
arachis_duranensis	NW026263970.1
arachis_duranensis	NW026263986.1
arachis_duranensis	NW026263987.1
arachis_duranensis	NW026264002.1
arachis_duranensis	NW026264007.1
arachis_duranensis	NW026264013.1
arachis_duranensis	NW026264019.1
arachis_duranensis	NW026264025.1
arachis_duranensis	NW026264029.1
arachis_duranensis	NW026264031.1
arachis_duranensis	NW026264035.1
arachis_duranensis	NW026264036.1
arachis_duranensis	NW026264041.1
arachis_duranensis	NW026264044.1
arachis_duranensis	NW026264051.1
arachis_duranensis	NW026264061.1
arachis_duranensis	NW026264077.1
arachis_duranensis	NW026264078.1
arachis_duranensis	NW026264079.1
arachis_duranensis	NW026264083.1
arachis_duranensis	NW026264089.1
arachis_duranensis	NW026264100.1
arachis_duranensis	NW026264113.1
arachis_duranensis	NW026264115.1
arachis_duranensis	NW026264116.1
arachis_duranensis	NW026264119.1
arachis_duranensis	NW026264123.1
arachis_duranensis	NW026264125.1
arachis_duranensis	NW026264128.1
arachis_duranensis	NW026264133.1
arachis_duranensis	NW026264137.1
arachis_duranensis	NW026264142.1
arachis_duranensis	NW026264144.1
arachis_duranensis	NW026264153.1
arachis_duranensis	NW026264156.1
arachis_duranensis	NW026264157.1
arachis_duranensis	NW026264159.1
arachis_duranensis	NW026264161.1
arachis_duranensis	NW026264167.1
arachis_duranensis	NW026264182.1
arachis_duranensis	NW026264183.1
arachis_duranensis	NW026264191.1
arachis_duranensis	NW026264196.1
arachis_duranensis	NW026264210.1
arachis_duranensis	NW026264223.1
arachis_duranensis	NW026264227.1
arachis_duranensis	NW026264240.1
arachis_duranensis	NW026264241.1
arachis_duranensis	NW026264248.1
arachis_duranensis	NW026264250.1
arachis_duranensis	NW026264253.1
arachis_duranensis	NW026264254.1
arachis_duranensis	NW026264257.1
arachis_duranensis	NW026264258.1
arachis_duranensis	NW026264259.1
arachis_duranensis	NW026264260.1
arachis_duranensis	NW026264265.1
arachis_duranensis	NW026264272.1
arachis_duranensis	NW026264275.1
arachis_duranensis	NW026264280.1
arachis_duranensis	NW026264281.1
arachis_duranensis	NW026264282.1
arachis_duranensis	NW026264283.1
arachis_duranensis	NW026264292.1
arachis_duranensis	NW026264293.1
arachis_duranensis	NW026264296.1
arachis_duranensis	NW026264308.1
arachis_duranensis	NW026264315.1
arachis_duranensis	NW026264320.1
arachis_duranensis	NW026264333.1
arachis_duranensis	NW026264335.1
arachis_duranensis	NW026264340.1
arachis_duranensis	NW026264341.1
arachis_duranensis	NW026264342.1
arachis_duranensis	NW026264351.1
arachis_duranensis	NW026264362.1
arachis_duranensis	NW026264363.1
arachis_duranensis	NW026264368.1
arachis_duranensis	NW026264369.1
arachis_duranensis	NW026264375.1
arachis_duranensis	NW026264379.1
arachis_duranensis	NW026264399.1
arachis_duranensis	NW026264404.1
arachis_duranensis	NW026264407.1
arachis_duranensis	NW026264423.1
arachis_duranensis	NW026264428.1
arachis_duranensis	NW026264429.1
arachis_duranensis	NW026264431.1
arachis_duranensis	NW026264437.1
arachis_duranensis	NW026264443.1
arachis_duranensis	NW026264459.1
arachis_duranensis	NW026264461.1
arachis_duranensis	NW026264467.1
arachis_duranensis	NW026264474.1
arachis_duranensis	NW026264475.1
arachis_duranensis	NW026264489.1
arachis_duranensis	NW026264492.1
arachis_duranensis	NW026264497.1
arachis_duranensis	NW026264504.1
arachis_duranensis	NW026264509.1
arachis_duranensis	NW026264513.1
arachis_duranensis	NW026264520.1
arachis_duranensis	NW026264528.1
arachis_duranensis	NW026264541.1
arachis_duranensis	NW026264560.1
arachis_duranensis	NW026264561.1
arachis_duranensis	NW026264563.1
arachis_duranensis	NW026264565.1
arachis_duranensis	NW026264569.1
arachis_duranensis	NW026264574.1
arachis_duranensis	NW026264586.1
arachis_duranensis	NW026264592.1
arachis_duranensis	NW026264593.1
arachis_duranensis	NW026264596.1
arachis_duranensis	NW026264602.1
arachis_duranensis	NW026264605.1
arachis_duranensis	NW026264612.1
arachis_duranensis	NW026264613.1
arachis_duranensis	NW026264620.1
arachis_duranensis	NW026264631.1
arachis_duranensis	NW026264639.1
arachis_duranensis	NW026264640.1
arachis_duranensis	NW026264645.1
arachis_duranensis	NW026264653.1
arachis_duranensis	NW026264668.1
arachis_duranensis	NW026264669.1
arachis_duranensis	NW026264674.1
arachis_duranensis	NW026264676.1
arachis_duranensis	NW026264685.1
arachis_duranensis	NW026264696.1
arachis_duranensis	NW026264708.1
arachis_duranensis	NW026264713.1
arachis_duranensis	NW026264715.1
arachis_duranensis	NW026264719.1
arachis_duranensis	NW026264721.1
arachis_duranensis	NW026264736.1
arachis_duranensis	NW026264742.1
arachis_duranensis	NW026264744.1
arachis_duranensis	NW026264785.1
arachis_duranensis	NW026264795.1
arachis_duranensis	NW026264805.1
arachis_duranensis	NW026264808.1
arachis_duranensis	NW026264809.1
arachis_duranensis	NW026264823.1
arachis_duranensis	NW026264828.1
arachis_duranensis	NW026264839.1
arachis_duranensis	NW026264840.1
arachis_duranensis	NW026264847.1
arachis_duranensis	NW026264848.1
arachis_duranensis	NW026264851.1
arachis_duranensis	NW026264853.1
arachis_duranensis	NW026264854.1
arachis_duranensis	NW026264856.1
arachis_duranensis	NW026264871.1
arachis_duranensis	NW026264879.1
arachis_duranensis	NW026264889.1
arachis_duranensis	NW026264892.1
arachis_duranensis	NW026264894.1
arachis_duranensis	NW026264900.1
arachis_duranensis	NW026264903.1
arachis_duranensis	NW026264904.1
arachis_duranensis	NW026264905.1
arachis_duranensis	NW026264906.1
arachis_duranensis	NW026264909.1
arachis_duranensis	NW026264910.1
arachis_duranensis	NW026264911.1
arachis_duranensis	NW026264913.1
arachis_duranensis	NW026264914.1
arachis_duranensis	NW026264915.1
arachis_duranensis	NW026264916.1
arachis_duranensis	NW026264917.1
arachis_duranensis	NW026264918.1
arachis_duranensis	NW026264920.1
arachis_duranensis	NW026264921.1
arachis_duranensis	NW026264922.1
arachis_duranensis	NW026264924.1
arachis_duranensis	NW026264925.1
arachis_duranensis	NW026264928.1
arachis_duranensis	NW026264929.1
arachis_duranensis	NW026264930.1
arachis_duranensis	NW026264934.1
arachis_duranensis	NW026264936.1
arachis_duranensis	NW026264938.1
arachis_duranensis	NW026264939.1
arachis_duranensis	NW026264941.1
arachis_duranensis	NW026264944.1
arachis_duranensis	NW026264945.1
arachis_duranensis	NW026264947.1
arachis_duranensis	NW026264948.1
arachis_duranensis	NW026264949.1
arachis_duranensis	NW026264952.1
arachis_duranensis	NW026264954.1
arachis_duranensis	NW026264955.1
arachis_duranensis	NW026264958.1
arachis_duranensis	NW026264960.1
arachis_duranensis	NW026264963.1
arachis_duranensis	NW026264965.1
arachis_duranensis	NW026264966.1
arachis_duranensis	NW026264968.1
arachis_duranensis	NW026264970.1
arachis_duranensis	NW026264973.1
arachis_duranensis	NW026264974.1
arachis_duranensis	NW026264976.1
arachis_duranensis	NW026264978.1
arachis_duranensis	NW026264979.1
arachis_duranensis	NW026264980.1
arachis_duranensis	NW026264982.1
arachis_duranensis	NW026264984.1
arachis_duranensis	NW026264986.1
arachis_duranensis	NW026264987.1
arachis_duranensis	NW026264988.1
arachis_duranensis	NW026264990.1
arachis_duranensis	NW026264991.1
arachis_duranensis	NW026264993.1
arachis_duranensis	NW026264997.1
arachis_duranensis	NW026264999.1
arachis_duranensis	NW026265000.1
arachis_duranensis	NW026265003.1
arachis_duranensis	NW026265004.1
arachis_duranensis	NW026265005.1
arachis_duranensis	NW026265009.1
arachis_duranensis	NW026265010.1
arachis_duranensis	NW026265015.1
arachis_duranensis	NW026265016.1
arachis_duranensis	NW026265017.1
arachis_duranensis	NW026265019.1
arachis_duranensis	NW026265020.1
arachis_duranensis	NW026265021.1
arachis_duranensis	NW026265022.1
arachis_duranensis	NW026265023.1
arachis_duranensis	NW026265025.1
arachis_duranensis	NW026265032.1
arachis_duranensis	NW026265033.1
arachis_duranensis	NW026265036.1
arachis_duranensis	NW026265037.1
arachis_duranensis	NW026265039.1
arachis_duranensis	NW026265040.1
arachis_duranensis	NW026265041.1
arachis_duranensis	NW026265043.1
arachis_duranensis	NW026265050.1
arachis_duranensis	NW026265052.1
arachis_duranensis	NW026265054.1
arachis_duranensis	NW026265055.1
arachis_duranensis	NW026265058.1
arachis_duranensis	NW026265059.1
arachis_duranensis	NW026265060.1
arachis_duranensis	NW026265062.1
arachis_duranensis	NW026265065.1
arachis_duranensis	NW026265066.1
arachis_duranensis	NW026265067.1
arachis_duranensis	NW026265068.1
arachis_duranensis	NW026265071.1
arachis_duranensis	NW026265072.1
arachis_duranensis	NW026265073.1
arachis_duranensis	NW026265074.1
arachis_duranensis	NW026265080.1
arachis_duranensis	NW026265083.1
arachis_duranensis	NW026265085.1
arachis_duranensis	NW026265088.1
arachis_duranensis	NW026265089.1
arachis_duranensis	NW026265094.1
arachis_duranensis	NW026265095.1
arachis_duranensis	NW026265096.1
arachis_duranensis	NW026265101.1
arachis_duranensis	NW026265107.1
arachis_duranensis	NW026265112.1
arachis_duranensis	NW026265116.1
arachis_duranensis	NW026265119.1
arachis_duranensis	NW026265127.1
arachis_duranensis	NW026265141.1
arachis_duranensis	NW026265144.1
arachis_duranensis	NW026265146.1
arachis_duranensis	NW026265148.1
arachis_duranensis	NW026265149.1
arachis_duranensis	NW026265152.1
arachis_duranensis	NW026265153.1
arachis_duranensis	NW026265155.1
arachis_duranensis	NW026265158.1
arachis_duranensis	NW026265161.1
arachis_duranensis	NW026265162.1
arachis_duranensis	NW026265164.1
arachis_duranensis	NW026265171.1
arachis_duranensis	NW026265184.1
arachis_duranensis	NW026265189.1
arachis_duranensis	NW026265195.1
arachis_duranensis	NW026265197.1
arachis_duranensis	NW026265201.1
arachis_duranensis	NW026265202.1
arachis_duranensis	NW026265204.1
arachis_duranensis	NW026265207.1
arachis_duranensis	NW026265211.1
arachis_duranensis	NW026265215.1
arachis_duranensis	NW026265216.1
arachis_duranensis	NW026265217.1
arachis_duranensis	NW026265227.1
arachis_duranensis	NW026265228.1
arachis_duranensis	NW026265232.1
arachis_duranensis	NW026265236.1
arachis_duranensis	NW026265238.1
arachis_duranensis	NW026265240.1
arachis_duranensis	NW026265241.1
arachis_duranensis	NW026265242.1
arachis_duranensis	NW026265243.1
arachis_duranensis	NW026265244.1
arachis_duranensis	NW026265248.1
arachis_duranensis	NW026265254.1
arachis_duranensis	NW026265262.1
arachis_duranensis	NW026265263.1
arachis_duranensis	NW026265267.1
arachis_duranensis	NW026265268.1
arachis_duranensis	NW026265270.1
benincasa_hispida	NC052349.1
benincasa_hispida	NC052350.1
benincasa_hispida	NC052351.1
benincasa_hispida	NC052352.1
benincasa_hispida	NC052353.1
benincasa_hispida	NC052354.1
benincasa_hispida	NC052355.1
benincasa_hispida	NC052356.1
benincasa_hispida	NC052357.1
benincasa_hispida	NC052358.1
benincasa_hispida	NC052359.1
benincasa_hispida	NC052360.1
benincasa_hispida	NW024063557.1
benincasa_hispida	NW024063568.1
benincasa_hispida	NW024063581.1
benincasa_hispida	NW024063595.1
benincasa_hispida	NW024063603.1
benincasa_hispida	NW024063611.1
benincasa_hispida	NW024063613.1
benincasa_hispida	NW024063617.1
benincasa_hispida	NW024063628.1
benincasa_hispida	NW024063631.1
benincasa_hispida	NW024063632.1
benincasa_hispida	NW024063647.1
benincasa_hispida	NW024063656.1
benincasa_hispida	NW024063661.1
benincasa_hispida	NW024063671.1
benincasa_hispida	NW024063681.1
benincasa_hispida	NW024063683.1
benincasa_hispida	NW024063696.1
benincasa_hispida	NW024063697.1
benincasa_hispida	NW024063714.1
benincasa_hispida	NW024063720.1
benincasa_hispida	NW024063731.1
benincasa_hispida	NW024063738.1
benincasa_hispida	NW024063739.1
benincasa_hispida	NW024063744.1
benincasa_hispida	NW024063750.1
benincasa_hispida	NW024063764.1
benincasa_hispida	NW024063773.1
benincasa_hispida	NW024063779.1
benincasa_hispida	NW024063793.1
benincasa_hispida	NW024063802.1
benincasa_hispida	NW024063808.1
benincasa_hispida	NW024063810.1
benincasa_hispida	NW024063811.1
benincasa_hispida	NW024063818.1
benincasa_hispida	NW024063848.1
benincasa_hispida	NW024063851.1
benincasa_hispida	NW024063862.1
benincasa_hispida	NW024063867.1
benincasa_hispida	NW024063873.1
benincasa_hispida	NW024063879.1
benincasa_hispida	NW024063889.1
benincasa_hispida	NW024063895.1
benincasa_hispida	NW024063899.1
benincasa_hispida	NW024063915.1
benincasa_hispida	NW024063918.1
benincasa_hispida	NW024063933.1
benincasa_hispida	NW024063953.1
benincasa_hispida	NW024063990.1
benincasa_hispida	NW024063992.1
benincasa_hispida	NW024064015.1
benincasa_hispida	NW024064023.1
benincasa_hispida	NW024064047.1
benincasa_hispida	NW024064067.1
benincasa_hispida	NW024064074.1
benincasa_hispida	NW024064084.1
benincasa_hispida	NW024064099.1
benincasa_hispida	NW024064116.1
benincasa_hispida	NW024064138.1
benincasa_hispida	NW024064153.1
benincasa_hispida	NW024064164.1
benincasa_hispida	NW024064214.1
benincasa_hispida	NW024064218.1
benincasa_hispida	NW024064245.1
benincasa_hispida	NW024064278.1
benincasa_hispida	NW024064307.1
benincasa_hispida	NW024064356.1
benincasa_hispida	NW024064362.1
benincasa_hispida	NW024064367.1
benincasa_hispida	NW024064377.1
benincasa_hispida	NW024064382.1
benincasa_hispida	NW024064387.1
benincasa_hispida	NW024064420.1
benincasa_hispida	NW024064425.1
benincasa_hispida	NW024064444.1
benincasa_hispida	NW024064458.1
benincasa_hispida	NW024064487.1
benincasa_hispida	NW024064498.1
benincasa_hispida	NW024064500.1
benincasa_hispida	NW024064517.1
benincasa_hispida	NW024064563.1
benincasa_hispida	NW024064642.1
benincasa_hispida	NW024064645.1
benincasa_hispida	NW024064677.1
benincasa_hispida	NW024064701.1
benincasa_hispida	NW024064716.1
benincasa_hispida	NW024064731.1
benincasa_hispida	NW024064761.1
benincasa_hispida	NW024064762.1
benincasa_hispida	NW024064769.1
benincasa_hispida	NW024064770.1
benincasa_hispida	NW024064773.1
benincasa_hispida	NW024064775.1
benincasa_hispida	NW024064779.1
benincasa_hispida	NW024064780.1
benincasa_hispida	NW024064781.1
benincasa_hispida	NW024064782.1
benincasa_hispida	NW024064789.1
benincasa_hispida	NW024064794.1
benincasa_hispida	NW024064796.1
benincasa_hispida	NW024064797.1
benincasa_hispida	NW024064799.1
benincasa_hispida	NW024064801.1
benincasa_hispida	NW024064804.1
benincasa_hispida	NW024064807.1
benincasa_hispida	NW024064820.1
benincasa_hispida	NW024064821.1
benincasa_hispida	NW024064822.1
benincasa_hispida	NW024064824.1
benincasa_hispida	NW024064827.1
benincasa_hispida	NW024064828.1
benincasa_hispida	NW024064829.1
benincasa_hispida	NW024064830.1
benincasa_hispida	NW024064831.1
benincasa_hispida	NW024064833.1
benincasa_hispida	NW024064835.1
benincasa_hispida	NW024064837.1
benincasa_hispida	NW024064838.1
benincasa_hispida	NW024064845.1
benincasa_hispida	NW024064850.1
benincasa_hispida	NW024064857.1
benincasa_hispida	NW024064858.1
benincasa_hispida	NW024064860.1
benincasa_hispida	NW024064862.1
benincasa_hispida	NW024064864.1
benincasa_hispida	NW024064866.1
benincasa_hispida	NW024064867.1
benincasa_hispida	NW024064873.1
benincasa_hispida	NW024064874.1
benincasa_hispida	NW024064875.1
benincasa_hispida	NW024064876.1
benincasa_hispida	NW024064878.1
benincasa_hispida	NW024064879.1
benincasa_hispida	NW024064884.1
benincasa_hispida	NW024064885.1
benincasa_hispida	NW024064886.1
benincasa_hispida	NW024064887.1
benincasa_hispida	NW024064889.1
benincasa_hispida	NW024064890.1
benincasa_hispida	NW024064891.1
benincasa_hispida	NW024064893.1
benincasa_hispida	NW024064894.1
benincasa_hispida	NW024064897.1
benincasa_hispida	NW024064902.1
benincasa_hispida	NW024064905.1
benincasa_hispida	NW024064906.1
benincasa_hispida	NW024064913.1
benincasa_hispida	NW024064915.1
benincasa_hispida	NW024064917.1
benincasa_hispida	NW024064924.1
benincasa_hispida	NW024064928.1
benincasa_hispida	NW024064931.1
benincasa_hispida	NW024064933.1
benincasa_hispida	NW024064942.1
benincasa_hispida	NW024064943.1
benincasa_hispida	NW024064944.1
benincasa_hispida	NW024064949.1
benincasa_hispida	NW024064950.1
benincasa_hispida	NW024064953.1
benincasa_hispida	NW024064958.1
benincasa_hispida	NW024064961.1
benincasa_hispida	NW024064971.1
benincasa_hispida	NW024064974.1
benincasa_hispida	NW024064975.1
benincasa_hispida	NW024064976.1
benincasa_hispida	NW024064981.1
benincasa_hispida	NW024064986.1
benincasa_hispida	NW024064988.1
benincasa_hispida	NW024064993.1
benincasa_hispida	NW024064994.1
benincasa_hispida	NW024064997.1
benincasa_hispida	NW024065001.1
benincasa_hispida	NW024065002.1
benincasa_hispida	NW024065007.1
benincasa_hispida	NW024065009.1
benincasa_hispida	NW024065011.1
benincasa_hispida	NW024065014.1
benincasa_hispida	NW024065018.1
benincasa_hispida	NW024065020.1
benincasa_hispida	NW024065022.1
benincasa_hispida	NW024065023.1
benincasa_hispida	NW024065026.1
benincasa_hispida	NW024065028.1
benincasa_hispida	NW024065029.1
benincasa_hispida	NW024065031.1
benincasa_hispida	NW024065033.1
benincasa_hispida	NW024065037.1
benincasa_hispida	NW024065041.1
benincasa_hispida	NW024065042.1
benincasa_hispida	NW024065043.1
benincasa_hispida	NW024065044.1
benincasa_hispida	NW024065046.1
benincasa_hispida	NW024065049.1
benincasa_hispida	NW024065052.1
benincasa_hispida	NW024065053.1
benincasa_hispida	NW024065055.1
benincasa_hispida	NW024065056.1
benincasa_hispida	NW024065060.1
benincasa_hispida	NW024065064.1
benincasa_hispida	NW024065069.1
benincasa_hispida	NW024065071.1
benincasa_hispida	NW024065075.1
benincasa_hispida	NW024065076.1
benincasa_hispida	NW024065080.1
benincasa_hispida	NW024065081.1
benincasa_hispida	NW024065085.1
benincasa_hispida	NW024065086.1
benincasa_hispida	NW024065097.1
benincasa_hispida	NW024065101.1
benincasa_hispida	NW024065104.1
benincasa_hispida	NW024065105.1
benincasa_hispida	NW024065127.1
benincasa_hispida	NW024065130.1
benincasa_hispida	NW024065132.1
benincasa_hispida	NW024065145.1
benincasa_hispida	NW024065149.1
benincasa_hispida	NW024065150.1
benincasa_hispida	NW024065158.1
benincasa_hispida	NW024065159.1
benincasa_hispida	NW024065162.1
benincasa_hispida	NW024065172.1
benincasa_hispida	NW024065183.1
benincasa_hispida	NW024065189.1
benincasa_hispida	NW024065205.1
benincasa_hispida	NW024065210.1
benincasa_hispida	NW024065221.1
benincasa_hispida	NW024065231.1
benincasa_hispida	NW024065236.1
benincasa_hispida	NW024065241.1
benincasa_hispida	NW024065247.1
benincasa_hispida	NW024065250.1
benincasa_hispida	NW024065251.1
benincasa_hispida	NW024065256.1
benincasa_hispida	NW024065266.1
benincasa_hispida	NW024065273.1
benincasa_hispida	NW024065278.1
benincasa_hispida	NW024065284.1
benincasa_hispida	NW024065286.1
benincasa_hispida	NW024065289.1
benincasa_hispida	NW024065290.1
benincasa_hispida	NW024065294.1
benincasa_hispida	NW024065299.1
benincasa_hispida	NW024065300.1
benincasa_hispida	NW024065302.1
benincasa_hispida	NW024065306.1
benincasa_hispida	NW024065309.1
benincasa_hispida	NW024065318.1
benincasa_hispida	NW024065327.1
benincasa_hispida	NW024065330.1
beta_vulgaris	EL102Chr1
beta_vulgaris	EL102Chr2
beta_vulgaris	EL102Chr3
beta_vulgaris	EL102Chr3s1
beta_vulgaris	EL102Chr4
beta_vulgaris	EL102Chr5
beta_vulgaris	EL102Chr5s1
beta_vulgaris	EL102Chr6
beta_vulgaris	EL102Chr7
beta_vulgaris	EL102Chr8
beta_vulgaris	EL102Chr9
beta_vulgaris	EL102ChrUnSca3
beta_vulgaris	EL102ChrUnSca4
